{
    "system": {
        "hostname": "telemetry.bigip.com",
        "machineId": "cd5e51b8-74ef-44c8-985c-7965512c2e87",
        "version": "14.0.0.1",
        "versionBuild": "0.0.2",
        "location": "Seattle",
        "description": "Telemetry BIG-IP",
        "marketingName": "BIG-IP Virtual Edition",
        "platformId": "Z100",
        "chassisId": "9c3abad5-513a-1c43-5bc2be62e957",
        "baseMac": "00:0d:3a:30:34:51",
        "callBackUrl": "https://10.0.1.100",
        "configReady": "yes",
        "licenseReady": "yes",
        "provisionReady": "yes",
        "syncMode": "standalone",
        "syncColor": "green",
        "syncStatus": "Standalone",
        "syncSummary": " ",
        "failoverStatus": "ACTIVE",
        "failoverColor": "green",
        "systemTimestamp": "2019-01-01T01:01:01Z",
        "asmState": "Policies Consistent",
        "lastAsmChange": "2019-06-19T20:15:28.000Z",
        "apmState": "Policies Consistent",
        "afmState": "quiescent",
        "lastAfmDeploy": "2019-06-17T21:24:29.000Z",
        "ltmConfigTime": "2019-06-19T21:13:40.000Z",
        "gtmConfigTime": "2019-06-07T18:11:53.000Z",
        "cpu": 0,
        "memory": 0,
        "swap": 0,
        "tmmCpu": 0,
        "tmmMemory": 0,
        "tmmTraffic": {
            "clientSideTraffic.bitsIn": 0,
            "clientSideTraffic.bitsOut": 0,
            "serverSideTraffic.bitsIn": 0,
            "serverSideTraffic.bitsOut": 0
        },
        "diskStorage": {
            "/": {
                "1024-blocks": "436342",
                "Capacity": "55%",
                "name": "/"
            },
            "/dev/shm": {
                "1024-blocks": "7181064",
                "Capacity": "9%",
                "name": "/dev/shm"
            },
            "/config": {
                "1024-blocks": "3269592",
                "Capacity": "11%",
                "name": "/config"
            },
            "/usr": {
                "1024-blocks": "4136432",
                "Capacity": "83%",
                "name": "/usr"
            },
            "/var": {
                "1024-blocks": "3096336",
                "Capacity": "37%",
                "name": "/var"
            },
            "/shared": {
                "1024-blocks": "20642428",
                "Capacity": "3%",
                "name": "/shared"
            },
            "/var/log": {
                "1024-blocks": "3023760",
                "Capacity": "8%",
                "name": "/var/log"
            },
            "/appdata": {
                "1024-blocks": "51607740",
                "Capacity": "3%",
                "name": "/appdata"
            },
            "/shared/rrd.1.2": {
                "1024-blocks": "7181064",
                "Capacity": "1%",
                "name": "/shared/rrd.1.2"
            },
            "/var/run": {
                "1024-blocks": "7181064",
                "Capacity": "1%",
                "name": "/var/run"
            },
            "/var/tmstat": {
                "1024-blocks": "7181064",
                "Capacity": "1%",
                "name": "/var/tmstat"
            },
            "/var/prompt": {
                "1024-blocks": "4096",
                "Capacity": "1%",
                "name": "/var/prompt"
            },
            "/var/apm/mount/apmclients-7170.2018.627.21-3.0.iso": {
                "1024-blocks": "298004",
                "Capacity": "100%",
                "name": "/var/apm/mount/apmclients-7170.2018.627.21-3.0.iso"
            },
            "/var/loipc": {
                "1024-blocks": "7181064",
                "Capacity": "0%",
                "name": "/var/loipc"
            },
            "/mnt/sshplugin_tempfs": {
                "1024-blocks": "7181064",
                "Capacity": "0%",
                "name": "/mnt/sshplugin_tempfs"
            }
        },
        "diskLatency": {
            "sda": {
                "r/s": "1.46",
                "w/s": "8.25",
                "%util": "0.09",
                "name": "sda"
            },
            "sdb": {
                "r/s": "1.00",
                "w/s": "0.00",
                "%util": "0.04",
                "name": "sdb"
            },
            "dm-0": {
                "r/s": "0.00",
                "w/s": "0.00",
                "%util": "0.00",
                "name": "dm-0"
            },
            "dm-1": {
                "r/s": "0.01",
                "w/s": "11.01",
                "%util": "0.01",
                "name": "dm-1"
            },
            "dm-2": {
                "r/s": "0.14",
                "w/s": "2.56",
                "%util": "0.00",
                "name": "dm-2"
            },
            "dm-3": {
                "r/s": "0.01",
                "w/s": "4.28",
                "%util": "0.01",
                "name": "dm-3"
            },
            "dm-4": {
                "r/s": "0.00",
                "w/s": "0.00",
                "%util": "0.00",
                "name": "dm-4"
            },
            "dm-5": {
                "r/s": "0.04",
                "w/s": "1.52",
                "%util": "0.00",
                "name": "dm-5"
            },
            "dm-6": {
                "r/s": "0.13",
                "w/s": "0.00",
                "%util": "0.00",
                "name": "dm-6"
            },
            "dm-7": {
                "r/s": "0.00",
                "w/s": "0.05",
                "%util": "0.00",
                "name": "dm-7"
            },
            "dm-8": {
                "r/s": "0.11",
                "w/s": "4.72",
                "%util": "0.01",
                "name": "dm-8"
            }
        },
        "networkInterfaces": {
            "1.1": {
                "counters.bitsIn": 0,
                "counters.bitsOut": 0,
                "status": "up",
                "name": "1.1"
            },
            "1.2": {
                "counters.bitsIn": 0,
                "counters.bitsOut": 0,
                "status": "up",
                "name": "1.2"
            },
            "mgmt": {
                "counters.bitsIn": 0,
                "counters.bitsOut": 0,
                "status": "up",
                "name": "mgmt"
            }
        },
        "provisioning": {
            "afm": {
                "name": "afm",
                "level": "nominal"
            },
            "am": {
                "name": "am",
                "level": "none"
            },
            "apm": {
                "name": "apm",
                "level": "nominal"
            },
            "asm": {
                "name": "asm",
                "level": "nominal"
            },
            "avr": {
                "name": "avr",
                "level": "nominal"
            },
            "dos": {
                "name": "dos",
                "level": "none"
            },
            "fps": {
                "name": "fps",
                "level": "none"
            },
            "gtm": {
                "name": "gtm",
                "level": "none"
            },
            "ilx": {
                "name": "ilx",
                "level": "none"
            },
            "lc": {
                "name": "lc",
                "level": "none"
            },
            "ltm": {
                "name": "ltm",
                "level": "nominal"
            },
            "pem": {
                "name": "pem",
                "level": "none"
            },
            "sslo": {
                "name": "sslo",
                "level": "none"
            },
            "swg": {
                "name": "swg",
                "level": "none"
            },
            "urldb": {
                "name": "urldb",
                "level": "none"
            }
        }
    },
    "virtualServers": {
        "/Common/app.app/app_vs": {
            "clientside.bitsIn": 0,
            "clientside.bitsOut": 0,
            "clientside.curConns": 0,
            "clientside.maxConns": 0,
            "clientside.pktsIn": 0,
            "clientside.pktsOut": 0,
            "clientside.totConns": 0,
            "destination": "10.5.6.7:80",
            "availabilityState": "offline",
            "enabledState": "enabled",
            "status.statusReason": "The virtual server is available",
            "mask": "255.255.255.255",
            "name": "/Common/foofoo.app/foofoo_vs",
            "appService": "/Common/foofoo.app/foofoo",
            "ipProtocol": "tcp",
            "tenant": "Common",
            "pool": "/Common/foofoo.app/foofoo_pool",
            "application": "foofoo.app",
            "profiles": {
                "/Common/tcp": {
                    "name": "/Common/tcp",
                    "tenant": "Common"
                },
                "/Common/app/http": {
                    "name": "/Common/app/http",
                    "tenant": "Common",
                    "application": "app"
                }
            }

        },
        "/Example_Tenant/A1/serviceMain": {
            "clientside.bitsIn": 0,
            "clientside.bitsOut": 0,
            "clientside.curConns": 0,
            "clientside.maxConns": 0,
            "clientside.pktsIn": 0,
            "clientside.pktsOut": 0,
            "clientside.totConns": 0,
            "destination": "192.0.2.11:443",
            "availabilityState": "offline",
            "enabledState": "enabled",
            "status.statusReason": "The children pool member(s) either don't have service checking enabled, or service check results are not available yet",
            "mask": "255.255.255.0",
            "name": "/Example_Tenant/A1/serviceMain",
            "ipProtocol": "tcp",
            "tenant": "Example_Tenant",
            "pool": "/Example_Tenant/A1/barbar_pool",
            "application": "A1",
            "profiles": {}
        },
        "/Example_Tenant/A1/serviceMain-Redirect": {
            "clientside.bitsIn": 0,
            "clientside.bitsOut": 0,
            "clientside.curConns": 0,
            "clientside.maxConns": 0,
            "clientside.pktsIn": 0,
            "clientside.pktsOut": 0,
            "clientside.totConns": 0,
            "destination": "192.0.2.11:80",
            "availabilityState": "unknown",
            "enabledState": "enabled",
            "status.statusReason": "The children pool member(s) either don't have service checking enabled, or service check results are not available yet",
            "name": "/Example_Tenant/A1/serviceMain-Redirect",
            "tenant": "Example_Tenant",
            "application": "A1",
            "profiles": {
                "/Common/customTcp": {
                    "name": "/Common/customTcp",
                    "tenant": "Common"
                },
                "/Common/app/http": {
                    "name": "/Common/app/http",
                    "tenant": "Common",
                    "application": "app"
                }
            }
        }
    },
    "pools": {
        "/Common/app.app/app_pool": {
            "activeMemberCnt": 0,
            "serverside.bitsIn": 0,
            "serverside.bitsOut": 0,
            "serverside.curConns": 0,
            "serverside.maxConns": 0,
            "serverside.pktsIn": 0,
            "serverside.pktsOut": 0,
            "serverside.totConns": 0,
            "availabilityState": "available",
            "enabledState": "enabled",
            "status.statusReason": "The pool is available",
            "name": "/Common/app.app/app_pool",
            "members": {
                "/Common/10.0.3.5:80": {
                    "addr": "10.0.3.5",
                    "monitorStatus": "up",
                    "port": 0,
                    "serverside.bitsIn": 0,
                    "serverside.bitsOut": 0,
                    "serverside.curConns": 0,
                    "serverside.maxConns": 0,
                    "serverside.pktsIn": 0,
                    "serverside.pktsOut": 0,
                    "serverside.totConns": 0,
                    "availabilityState": "available",
                    "enabledState": "enabled",
                    "status.statusReason": "Pool member is available"
                }
            },
            "tenant": "Common",
            "application": "app.app"
        },
        "/Common/telemetry-local": {
            "activeMemberCnt": 0,
            "serverside.bitsIn": 0,
            "serverside.bitsOut": 0,
            "serverside.curConns": 0,
            "serverside.maxConns": 0,
            "serverside.pktsIn": 0,
            "serverside.pktsOut": 0,
            "serverside.totConns": 0,
            "availabilityState": "available",
            "enabledState": "enabled",
            "status.statusReason": "The pool is available",
            "name": "/Common/telemetry-local",
            "members": {
                "/Common/10.0.1.100:6514": {
                    "addr": "10.0.1.100",
                    "monitorStatus": "down",
                    "port": 0,
                    "serverside.bitsIn": 0,
                    "serverside.bitsOut": 0,
                    "serverside.curConns": 0,
                    "serverside.maxConns": 0,
                    "serverside.pktsIn": 0,
                    "serverside.pktsOut": 0,
                    "serverside.totConns": 0,
                    "availabilityState": "available",
                    "enabledState": "enabled",
                    "status.statusReason": "Pool member has been marked down by a monitor"
                }
            },
            "tenant": "Common",
            "application": ""
        },
        "/Example_Tenant/A1/hsl_pool": {
            "activeMemberCnt": 0,
            "serverside.bitsIn": 0,
            "serverside.bitsOut": 0,
            "serverside.curConns": 0,
            "serverside.maxConns": 0,
            "serverside.pktsIn": 0,
            "serverside.pktsOut": 0,
            "serverside.totConns": 0,
            "availabilityState": "offline",
            "enabledState": "enabled",
            "status.statusReason": "The pool is available",
            "name": "/Example_Tenant/A1/hsl_pool",
            "members": {
                "/Example_Tenant/192.168.120.6:514": {
                    "addr": "192.168.120.6",
                    "monitorStatus": "up",
                    "port": 0,
                    "serverside.bitsIn": 0,
                    "serverside.bitsOut": 0,
                    "serverside.curConns": 0,
                    "serverside.maxConns": 0,
                    "serverside.pktsIn": 0,
                    "serverside.pktsOut": 0,
                    "serverside.totConns": 0,
                    "availabilityState": "offline",
                    "enabledState": "enabled",
                    "status.statusReason": "Pool member is available"
                }
            },
            "tenant": "Example_Tenant",
            "application": "A1"
        },
        "/Example_Tenant/A1/web_pool": {
            "activeMemberCnt": 0,
            "serverside.bitsIn": 0,
            "serverside.bitsOut": 0,
            "serverside.curConns": 0,
            "serverside.maxConns": 0,
            "serverside.pktsIn": 0,
            "serverside.pktsOut": 0,
            "serverside.totConns": 0,
            "availabilityState": "offline",
            "enabledState": "enabled",
            "status.statusReason": "The pool is available",
            "name": "/Example_Tenant/A1/web_pool",
            "members": {
                "/Example_Tenant/192.0.2.12:80": {
                    "addr": "192.0.2.12",
                    "monitorStatus": "up",
                    "port": 0,
                    "serverside.bitsIn": 0,
                    "serverside.bitsOut": 0,
                    "serverside.curConns": 0,
                    "serverside.maxConns": 0,
                    "serverside.pktsIn": 0,
                    "serverside.pktsOut": 0,
                    "serverside.totConns": 0,
                    "availabilityState": "offline",
                    "enabledState": "enabled",
                    "status.statusReason": "Pool member is available"
                },
                "/Example_Tenant/192.0.2.13:80": {
                    "addr": "192.0.2.13",
                    "monitorStatus": "up",
                    "port": 0,
                    "serverside.bitsIn": 0,
                    "serverside.bitsOut": 0,
                    "serverside.curConns": 0,
                    "serverside.maxConns": 0,
                    "serverside.pktsIn": 0,
                    "serverside.pktsOut": 0,
                    "serverside.totConns": 0,
                    "availabilityState": "offline",
                    "enabledState": "enabled",
                    "status.statusReason": "Pool member is available"
                }
            },
            "tenant": "Example_Tenant",
            "application": "A1"
        }
    },
    "ltmPolicies": {
        "/Common/app.app/app_policy": {
            "invoked": 0,
            "succeeded": 0,
            "actions": {
                "default:1": {
                    "invoked": 0,
                    "succeeded": 0
                }
            },
            "name": "/Common/app.app/app_policy",
            "tenant": "Common",
            "application": "app.app"
        },
        "/Common/telemetry": {
            "invoked": 0,
            "succeeded": 0,
            "actions": {
                "default:0": {
                    "invoked": 0,
                    "succeeded": 0
                }
            },
            "name": "/Common/telemetry",
            "tenant": "Common",
            "application": ""
        }
    },
    "httpProfiles": {
        "/Common/app.app/app_http": {
            "cookiePersistInserts": 0,
            "getReqs": 0,
            "maxKeepaliveReq": 0,
            "numberReqs": 0,
            "postReqs": 0,
            "2xxResp": 0,
            "3xxResp": 0,
            "4xxResp": 0,
            "5xxResp": 0,
            "respLessThan2m": 0,
            "respGreaterThan2m": 0,
            "v10Reqs": 0,
            "v10Resp": 0,
            "v11Reqs": 0,
            "v11Resp": 0,
            "v9Reqs": 0,
            "v9Resp": 0,
            "name": "/Common/app.app/app_http",
            "tenant": "Common",
            "application": "app.app"
        },
        "/Common/http": {
            "cookiePersistInserts": 0,
            "getReqs": 0,
            "maxKeepaliveReq": 0,
            "numberReqs": 0,
            "postReqs": 0,
            "2xxResp": 0,
            "3xxResp": 0,
            "4xxResp": 0,
            "5xxResp": 0,
            "respLessThan2m": 0,
            "respGreaterThan2m": 0,
            "v10Reqs": 0,
            "v10Resp": 0,
            "v11Reqs": 0,
            "v11Resp": 0,
            "v9Reqs": 0,
            "v9Resp": 0,
            "name": "/Common/http",
            "tenant": "Common",
            "application": ""
        },
        "/Example_Tenant/A1/custom_http_profile": {
            "cookiePersistInserts": 0,
            "getReqs": 0,
            "maxKeepaliveReq": 0,
            "numberReqs": 0,
            "postReqs": 0,
            "2xxResp": 0,
            "3xxResp": 0,
            "4xxResp": 0,
            "5xxResp": 0,
            "respLessThan2m": 0,
            "respGreaterThan2m": 0,
            "v10Reqs": 0,
            "v10Resp": 0,
            "v11Reqs": 0,
            "v11Resp": 0,
            "v9Reqs": 0,
            "v9Resp": 0,
            "name": "/Example_Tenant/A1/custom_http_profile",
            "tenant": "Example_Tenant",
            "application": "A1"
        }
    },
    "clientSslProfiles": {
        "/Common/clientssl": {
            "activeHandshakeRejected": 0,
            "cipherUses.adhKeyxchg": 0,
            "cipherUses.aesBulk": 0,
            "cipherUses.aesGcmBulk": 0,
            "cipherUses.camelliaBulk": 0,
            "cipherUses.chacha20Poly1305Bulk": 0,
            "cipherUses.desBulk": 0,
            "cipherUses.dhRsaKeyxchg": 0,
            "cipherUses.dheDssKeyxchg": 0,
            "cipherUses.ecdhEcdsaKeyxchg": 0,
            "cipherUses.ecdhRsaKeyxchg": 0,
            "cipherUses.ecdheEcdsaKeyxchg": 0,
            "cipherUses.ecdheRsaKeyxchg": 0,
            "cipherUses.edhRsaKeyxchg": 0,
            "cipherUses.ideaBulk": 0,
            "cipherUses.md5Digest": 0,
            "cipherUses.nullBulk": 0,
            "cipherUses.nullDigest": 0,
            "cipherUses.rc2Bulk": 0,
            "cipherUses.rc4Bulk": 0,
            "cipherUses.rsaKeyxchg": 0,
            "cipherUses.shaDigest": 0,
            "currentCompatibleConnections": 0,
            "currentConnections": 0,
            "currentNativeConnections": 0,
            "currentActiveHandshakes": 0,
            "decryptedBytesIn": 0,
            "decryptedBytesOut": 0,
            "encryptedBytesIn": 0,
            "encryptedBytesOut": 0,
            "fatalAlerts": 0,
            "handshakeFailures": 0,
            "peercertInvalid": 0,
            "peercertNone": 0,
            "peercertValid": 0,
            "protocolUses.dtlsv1": 0,
            "protocolUses.sslv2": 0,
            "protocolUses.sslv3": 0,
            "protocolUses.tlsv1": 0,
            "protocolUses.tlsv1_1": 0,
            "protocolUses.tlsv1_2": 0,
            "protocolUses.tlsv1_3": 0,
            "recordsIn": 0,
            "recordsOut": 0,
            "sniRejects": 0,
            "totCompatConns": 0,
            "totNativeConns": 0,
            "name": "/Common/clientssl",
            "tenant": "Common",
            "application": ""
        },
        "/Example_Tenant/A1/webtls": {
            "activeHandshakeRejected": 0,
            "cipherUses.adhKeyxchg": 0,
            "cipherUses.aesBulk": 0,
            "cipherUses.aesGcmBulk": 0,
            "cipherUses.camelliaBulk": 0,
            "cipherUses.chacha20Poly1305Bulk": 0,
            "cipherUses.desBulk": 0,
            "cipherUses.dhRsaKeyxchg": 0,
            "cipherUses.dheDssKeyxchg": 0,
            "cipherUses.ecdhEcdsaKeyxchg": 0,
            "cipherUses.ecdhRsaKeyxchg": 0,
            "cipherUses.ecdheEcdsaKeyxchg": 0,
            "cipherUses.ecdheRsaKeyxchg": 0,
            "cipherUses.edhRsaKeyxchg": 0,
            "cipherUses.ideaBulk": 0,
            "cipherUses.md5Digest": 0,
            "cipherUses.nullBulk": 0,
            "cipherUses.nullDigest": 0,
            "cipherUses.rc2Bulk": 0,
            "cipherUses.rc4Bulk": 0,
            "cipherUses.rsaKeyxchg": 0,
            "cipherUses.shaDigest": 0,
            "currentCompatibleConnections": 0,
            "currentConnections": 0,
            "currentNativeConnections": 0,
            "currentActiveHandshakes": 0,
            "decryptedBytesIn": 0,
            "decryptedBytesOut": 0,
            "encryptedBytesIn": 0,
            "encryptedBytesOut": 0,
            "fatalAlerts": 0,
            "handshakeFailures": 0,
            "peercertInvalid": 0,
            "peercertNone": 0,
            "peercertValid": 0,
            "protocolUses.dtlsv1": 0,
            "protocolUses.sslv2": 0,
            "protocolUses.sslv3": 0,
            "protocolUses.tlsv1": 0,
            "protocolUses.tlsv1_1": 0,
            "protocolUses.tlsv1_2": 0,
            "protocolUses.tlsv1_3": 0,
            "recordsIn": 0,
            "recordsOut": 0,
            "sniRejects": 0,
            "totCompatConns": 100,
            "totNativeConns": 100,
            "name": "/Example_Tenant/A1/webtls",
            "tenant": "Example_Tenant",
            "application": "A1"
        }
    },
    "serverSslProfiles": {
        "/Common/serverssl": {
            "activeHandshakeRejected": 0,
            "cipherUses.adhKeyxchg": 0,
            "cipherUses.aesBulk": 0,
            "cipherUses.aesGcmBulk": 0,
            "cipherUses.camelliaBulk": 0,
            "cipherUses.chacha20Poly1305Bulk": 0,
            "cipherUses.desBulk": 0,
            "cipherUses.dhRsaKeyxchg": 0,
            "cipherUses.dheDssKeyxchg": 0,
            "cipherUses.ecdhEcdsaKeyxchg": 0,
            "cipherUses.ecdhRsaKeyxchg": 0,
            "cipherUses.ecdheEcdsaKeyxchg": 0,
            "cipherUses.ecdheRsaKeyxchg": 0,
            "cipherUses.edhRsaKeyxchg": 0,
            "cipherUses.ideaBulk": 0,
            "cipherUses.md5Digest": 0,
            "cipherUses.nullBulk": 0,
            "cipherUses.nullDigest": 0,
            "cipherUses.rc2Bulk": 0,
            "cipherUses.rc4Bulk": 0,
            "cipherUses.rsaKeyxchg": 0,
            "cipherUses.shaDigest": 0,
            "currentCompatibleConnections": 0,
            "currentConnections": 0,
            "currentNativeConnections": 0,
            "currentActiveHandshakes": 0,
            "decryptedBytesIn": 0,
            "decryptedBytesOut": 0,
            "encryptedBytesIn": 0,
            "encryptedBytesOut": 0,
            "fatalAlerts": 0,
            "handshakeFailures": 0,
            "peercertInvalid": 0,
            "peercertNone": 0,
            "peercertValid": 0,
            "protocolUses.dtlsv1": 0,
            "protocolUses.sslv2": 0,
            "protocolUses.sslv3": 0,
            "protocolUses.tlsv1": 0,
            "protocolUses.tlsv1_1": 0,
            "protocolUses.tlsv1_2": 0,
            "protocolUses.tlsv1_3": 0,
            "recordsIn": 0,
            "recordsOut": 0,
            "totCompatConns": 0,
            "totNativeConns": 0,
            "name": "/Common/serverssl",
            "tenant": "Common",
            "application": ""
        }
    },
    "sslCerts": {
        "ca-bundle.crt": {
            "expirationDate": 0,
            "expirationString": "2019-01-01T01:01:01Z",
            "issuer": "CN=Starfield Services Root Certificate Authority,OU=http://certificates.starfieldtech.com/repository/,O=Starfield Technologies, Inc.,L=Scottsdale,ST=Arizona,C=US",
            "subject": "CN=Starfield Services Root Certificate Authority,OU=http://certificates.starfieldtech.com/repository/,O=Starfield Technologies, Inc.,L=Scottsdale,ST=Arizona,C=US",
            "name": "ca-bundle.crt"
        },
        "default.crt": {
            "email": "root@localhost.localdomain",
            "expirationDate": 0,
            "expirationString": "2019-01-01T01:01:01Z",
            "issuer": "emailAddress=root@localhost.localdomain,CN=localhost.localdomain,OU=IT,O=MyCompany,L=Seattle,ST=WA,C=US",
            "subject": "emailAddress=root@localhost.localdomain,CN=localhost.localdomain,OU=IT,O=MyCompany,L=Seattle,ST=WA,C=US",
            "name": "default.crt"
        },
        "f5-ca-bundle.crt": {
            "expirationDate": 0,
            "expirationString": "2019-01-01T01:01:01Z",
            "issuer": "CN=Entrust Root Certification Authority - G2,OU=(c) 2009 Entrust, Inc. - for authorized use only,OU=See www.entrust.net/legal-terms,O=Entrust, Inc.,C=US",
            "subject": "CN=Entrust Root Certification Authority - G2,OU=(c) 2009 Entrust, Inc. - for authorized use only,OU=See www.entrust.net/legal-terms,O=Entrust, Inc.,C=US",
            "name": "f5-ca-bundle.crt"
        },
        "f5-irule.crt": {
            "email": "support@f5.com",
            "expirationDate": 0,
            "expirationString": "2019-01-01T01:01:01Z",
            "issuer": "emailAddress=support@f5.com,CN=support.f5.com,OU=Product Development,O=F5 Networks,L=Seattle,ST=Washington,C=US",
            "subject": "emailAddress=support@f5.com,CN=support.f5.com,OU=Product Development,O=F5 Networks,L=Seattle,ST=Washington,C=US",
            "name": "f5-irule.crt"
        }
    },
    "networkTunnels": {
        "/Common/http-tunnel": {
            "hcInBroadcastPkts": 0,
            "hcInMulticastPkts": 0,
            "hcInOctets": 0,
            "hcInUcastPkts": 0,
            "hcOutBroadcastPkts": 0,
            "hcOutMulticastPkts": 0,
            "hcOutOctets": 0,
            "hcOutUcastPkts": 0,
            "inDiscards": 0,
            "inErrors": 0,
            "inUnknownProtos": 0,
            "outDiscards": 0,
            "outErrors": 0,
            "name": "/Common/http-tunnel",
            "tenant": "Common",
            "application": ""
        },
        "/Common/socks-tunnel": {
            "hcInBroadcastPkts": 0,
            "hcInMulticastPkts": 0,
            "hcInOctets": 0,
            "hcInUcastPkts": 0,
            "hcOutBroadcastPkts": 0,
            "hcOutMulticastPkts": 0,
            "hcOutOctets": 0,
            "hcOutUcastPkts": 0,
            "inDiscards": 0,
            "inErrors": 0,
            "inUnknownProtos": 0,
            "outDiscards": 0,
            "outErrors": 0,
            "name": "/Common/socks-tunnel",
            "tenant": "Common",
            "application": ""
        }
    },
    "deviceGroups": {
        "/Common/device_trust_group": {
            "commitIdTime": "2019-06-10T17:23:02.000Z",
            "lssTime": "-",
            "timeSinceLastSync": "-",
            "type": "sync-only",
            "name": "/Common/device_trust_group",
            "tenant": "Common"
        },
        "/Common/example_device_group": {
            "commitIdTime": "2019-05-31T01:11:48.000Z",
            "lssTime": "2019-05-31T01:11:48.000Z",
            "timeSinceLastSync": "1221553",
            "type": "sync-failover",
            "name": "/Common/example_device_group",
            "tenant": "Common"
        }
    },
    "iRules": {
        "/Common/_sys_APM_ExchangeSupport_OA_BasicAuth": {
            "events": {
                "RULE_INIT": {
                    "aborts": 0,
                    "avgCycles": 19014,
                    "failures": 0,
                    "maxCycles": 19014,
                    "minCycles": 8804,
                    "priority": 500,
                    "totalExecutions": 4
                },
                "HTTP_REQUEST": {
                    "aborts": 0,
                    "avgCycles": 19014,
                    "failures": 0,
                    "maxCycles": 19014,
                    "minCycles": 8804,
                    "priority": 500,
                    "totalExecutions": 4
                }
            },
            "name": "/Common/_sys_APM_ExchangeSupport_OA_BasicAuth",
            "tenant": "Common",
            "application": ""
        },
        "/Common/_sys_APM_ExchangeSupport_OA_NtlmAuth": {
            "events": {
                "RULE_INIT": {
                    "aborts": 0,
                    "avgCycles": 28942,
                    "failures": 0,
                    "maxCycles": 28942,
                    "minCycles": 20102,
                    "priority": 500,
                    "totalExecutions": 4
                }
            },
            "name": "/Common/_sys_APM_ExchangeSupport_OA_NtlmAuth",
            "tenant": "Common",
            "application": ""
        }
    },
    "aWideIps": {
        "/Common/www.aone.tstest.com": {
            "alternate": 0,
            "cnameResolutions": 0,
            "dropped": 0,
            "fallback": 0,
            "persisted": 0,
            "preferred": 0,
            "rcode": 0,
            "requests": 0,
            "resolutions": 0,
            "returnFromDns": 0,
            "returnToDns": 0,
            "status.availabilityState": "offline",
            "status.enabledState": "enabled",
            "status.statusReason": "No enabled pools available",
            "wipType": "A",
            "rules": [
                "/Common/test_irule"
            ],
            "lastResortPool": "",
            "name": "/Common/www.aone.tstest.com",
            "persistCidrIpv4": 32,
            "loadBalancingDecisionLogVerbosity": [
                "pool-traversal"
            ],
            "poolLbMode": "round-robin",
            "persistence": "disabled",
            "ttlPersistence": 3600,
            "failureRcode": "noerror",
            "minimalResponse": "enabled",
            "failureRcodeTtl": 0,
            "aliases": [
                "www.aone.com"
            ],
            "enabled": true,
            "pools": [
                "/Common/ts_a_pool",
                "/Common/ts_cname_pool"
            ],
            "persistCidrIpv6": 128,
            "failureRcodeResponse": "disabled",
            "tenant": "Common"
        }
    },
    "aaaaWideIps": {
        "/Common/www.aaaaone.tstest.com": {
            "alternate": 0,
            "cnameResolutions": 0,
            "dropped": 0,
            "fallback": 0,
            "persisted": 0,
            "preferred": 0,
            "rcode": 0,
            "requests": 0,
            "resolutions": 0,
            "returnFromDns": 0,
            "returnToDns": 0,
            "status.availabilityState": "offline",
            "status.enabledState": "enabled",
            "status.statusReason": "No enabled pools available",
            "wipType": "AAAA",
            "lastResortPool": "/Common/ts_aaaa_pool",
            "name": "/Common/www.aaaaone.tstest.com",
            "persistCidrIpv4": 32,
            "loadBalancingDecisionLogVerbosity": [
                "pool-traversal"
            ],
            "poolLbMode": "round-robin",
            "persistence": "disabled",
            "ttlPersistence": 3600,
            "failureRcode": "formerr",
            "minimalResponse": "disabled",
            "failureRcodeTtl": 0,
            "aliases": [
                "www.aaaaone.com",
                "www.aaaathree.com",
                "www.aaaatwo.com"
            ],
            "enabled": true,
            "pools": [
                "/Common/ts_aaaa_pool"
            ],
            "persistCidrIpv6": 128,
            "failureRcodeResponse": "enabled",
            "tenant": "Common"
        }
    },
    "cnameWideIps": {
        "/Common/www.cnameone.tstest.com": {
            "alternate": 0,
            "cnameResolutions": 0,
            "dropped": 0,
            "fallback": 0,
            "persisted": 0,
            "preferred": 0,
            "rcode": 0,
            "requests": 0,
            "resolutions": 0,
            "returnFromDns": 0,
            "returnToDns": 0,
            "status.availabilityState": "unknown",
            "status.enabledState": "enabled",
            "status.statusReason": "Checking",
            "wipType": "CNAME",
            "lastResortPool": "",
            "name": "www.cnameone.tstest.com",
            "persistCidrIpv4": 32,
            "poolLbMode": "round-robin",
            "persistence": "disabled",
            "ttlPersistence": 3600,
            "failureRcode": "noerror",
            "minimalResponse": "enabled",
            "failureRcodeTtl": 0,
            "aliases": [
                "www.cname.com"
            ],
            "enabled": true,
            "pools": [
                "/Common/ts_cname_pool"
            ],
            "persistCidrIpv6": 128,
            "failureRcodeResponse": "disabled",
            "tenant": "Common"
        },
        "/Common/www.cnametwo.tstest.com": {
            "alternate": 0,
            "cnameResolutions": 0,
            "dropped": 0,
            "fallback": 0,
            "persisted": 0,
            "preferred": 0,
            "rcode": 0,
            "requests": 0,
            "resolutions": 0,
            "returnFromDns": 0,
            "returnToDns": 0,
            "status.availabilityState": "unknown",
            "status.enabledState": "enabled",
            "status.statusReason": "Checking",
            "wipType": "CNAME",
            "rules": [
                "/Common/test_irule"
            ],
            "lastResortPool": "/Common/ts_cname_pool",
            "name": "www.cnametwo.tstest.com",
            "persistCidrIpv4": 32,
            "loadBalancingDecisionLogVerbosity": [
                "pool-selection",
                "pool-traversal",
                "pool-member-selection",
                "pool-member-traversal"
            ],
            "poolLbMode": "topology",
            "persistence": "disabled",
            "ttlPersistence": 3600,
            "failureRcode": "noerror",
            "minimalResponse": "enabled",
            "failureRcodeTtl": 0,
            "aliases": [
                "www.cname2.com",
                "www.cnametwo.com"
            ],
            "enabled": true,
            "persistCidrIpv6": 128,
            "failureRcodeResponse": "disabled",
            "tenant": "Common"
        }
    },
    "mxWideIps": {
        "/Common/www.mxone.tstest.com": {
            "alternate": 0,
            "cnameResolutions": 0,
            "dropped": 0,
            "fallback": 0,
            "persisted": 0,
            "preferred": 0,
            "rcode": 0,
            "requests": 0,
            "resolutions": 0,
            "returnFromDns": 0,
            "returnToDns": 0,
            "status.availabilityState": "offline",
            "status.enabledState": "enabled",
            "status.statusReason": "No enabled pools available",
            "wipType": "MX",
            "lastResortPool": "/Common/ts_mx_pool",
            "name": "/Common/www.mxone.tstest.com",
            "persistCidrIpv4": 132,
            "loadBalancingDecisionLogVerbosity": [
                "pool-traversal",
                "pool-member-selection"
            ],
            "poolLbMode": "topology",
            "persistence": "enabled",
            "ttlPersistence": 3600,
            "failureRcode": "noerror",
            "minimalResponse": "enabled",
            "failureRcodeTtl": 0,
            "aliases": [
                "www.mxone.com",
                "www.mxtwo.com"
            ],
            "enabled": true,
            "pools": [
                "/Common/ts_mx_pool"
            ],
            "persistCidrIpv6": 128,
            "failureRcodeResponse": "disabled",
            "tenant": "Common"
        }
    },
    "naptrWideIps": {
        "/Common/www.naptrone.tstest.com": {
            "alternate": 0,
            "cnameResolutions": 0,
            "dropped": 0,
            "fallback": 0,
            "persisted": 0,
            "preferred": 0,
            "rcode": 0,
            "requests": 0,
            "resolutions": 0,
            "returnFromDns": 0,
            "returnToDns": 0,
            "status.availabilityState": "offline",
            "status.enabledState": "enabled",
            "status.statusReason": "No enabled pools available",
            "wipType": "NAPTR",
            "lastResortPool": "/Common/ts_naptr_pool",
            "name": "/Common/www.naptrone.tstest.com",
            "persistCidrIpv4": 32,
            "loadBalancingDecisionLogVerbosity": [
                "pool-selection"
            ],
            "poolLbMode": "global-availability",
            "persistence": "disabled",
            "ttlPersistence": 3600,
            "failureRcode": "notimpl",
            "minimalResponse": "disabled",
            "failureRcodeTtl": 0,
            "aliases": [
                "www.naptrone.com",
                "www.naptrtwo.com"
            ],
            "enabled": true,
            "persistCidrIpv6": 128,
            "failureRcodeResponse": "enabled",
            "pools": [
                "/Common/ts_cname_pool"
            ],
            "tenant": "Common"
        }
    },
    "srvWideIps": {
        "/Common/www.srvone.tstest.com": {
            "alternate": 0,
            "cnameResolutions": 0,
            "dropped": 0,
            "fallback": 0,
            "persisted": 0,
            "preferred": 0,
            "rcode": 0,
            "requests": 0,
            "resolutions": 0,
            "returnFromDns": 0,
            "returnToDns": 0,
            "status.availabilityState": "offline",
            "status.enabledState": "enabled",
            "status.statusReason": "No enabled pools available",
            "wipType": "SRV",
            "lastResortPool": "/Common/ts_cname_pool",
            "name": "/Common/www.srvone.tstest.com",
            "persistCidrIpv4": 32,
            "poolLbMode": "round-robin",
            "persistence": "disabled",
            "ttlPersistence": 3600,
            "failureRcode": "servfail",
            "minimalResponse": "disabled",
            "failureRcodeTtl": 0,
            "aliases": [
                "www.srvone.com"
            ],
            "enabled": true,
            "pools": [
                "/Common/ts_srv_pool"
            ],
            "persistCidrIpv6": 128,
            "failureRcodeResponse": "enabled",
            "tenant": "Common"
        }
    },
    "aPools": {
        "/Common/ts_a_pool": {
            "alternate": 0,
            "dropped": 0,
            "fallback": 0,
            "poolType": "A",
            "preferred": 0,
            "returnFromDns": 0,
            "returnToDns": 0,
            "availabilityState": "offline",
            "enabledState": "enabled",
            "status.statusReason": "No enabled pool members available",
            "limitMaxConnections": 0,
            "fallbackIp": "8.8.8.8",
            "fallbackMode": "return-to-dns",
            "limitMaxConnectionsStatus": "disabled",
            "ttl": 30,
            "name": "/Common/ts_a_pool",
            "limitMaxPps": 0,
            "alternateMode": "round-robin",
            "qosHops": 0,
            "members": {
                "vs1:/Common/server1": {
                    "alternate": 0,
                    "fallback": 0,
                    "poolName": "/Common/ts_a_pool",
                    "poolType": "A",
                    "preferred": 0,
                    "serverName": "/Common/server1",
                    "availabilityState": "offline",
                    "enabledState": "enabled",
                    "status.statusReason": " Monitor /Common/gateway_icmp from 172.16.100.17 : no route",
                    "vsName": "vs1",
                    "name": "server1:vs1",
                    "enabled": true,
                    "limitMaxBps": 0,
                    "limitMaxBpsStatus": "disabled",
                    "limitMaxConnections": 0,
                    "limitMaxConnectionsStatus": "disabled",
                    "limitMaxPps": 0,
                    "limitMaxPpsStatus": "disabled",
                    "memberOrder": 2,
                    "monitor": "default",
                    "ratio": 1
                }
            },
            "verifyMemberAvailability": "disabled",
            "limitMaxPpsStatus": "disabled",
            "qosPacketRate": 1,
            "qosRtt": 50,
            "enabled": true,
            "qosLcs": 30,
            "qosVsCapacity": 0,
            "qosVsScore": 0,
            "limitMaxBpsStatus": "disabled",
            "maxAnswersReturned": 1,
            "loadBalancingMode": "ratio",
            "qosHitRatio": 5,
            "qosKilobytesSecond": 3,
            "qosTopology": 0,
            "limitMaxBps": 0,
            "dynamicRatio": "disabled",
            "manualResume": "disabled",
            "monitor": "/Common/gateway_icmp",
            "tenant": "Common"
        }
    },
    "aaaaPools": {
        "/Common/ts_aaaa_pool": {
            "alternate": 0,
            "dropped": 0,
            "fallback": 0,
            "poolType": "AAAA",
            "preferred": 0,
            "returnFromDns": 0,
            "returnToDns": 0,
            "availabilityState": "offline",
            "enabledState": "enabled",
            "status.statusReason": "No enabled pool members available",
            "limitMaxConnections": 0,
            "fallbackIp": "any",
            "fallbackMode": "return-to-dns",
            "limitMaxConnectionsStatus": "enabled",
            "ttl": 30,
            "name": "/Common/ts_aaaa_pool",
            "limitMaxPps": 0,
            "alternateMode": "topology",
            "qosHops": 0,
            "members": {
                "vs3:/Common/gslb_server1": {
                    "alternate": 0,
                    "fallback": 0,
                    "poolName": "/Common/ts_aaaa_pool",
                    "poolType": "AAAA",
                    "preferred": 0,
                    "serverName": "/Common/gslb_server1",
                    "availabilityState": "offline",
                    "enabledState": "enabled",
                    "status.statusReason": " Monitor /Common/tcp from 172.16.100.17 : state: connect failed",
                    "vsName": "vs3",
                    "name": "gslb_server1:vs3",
                    "enabled": true,
                    "limitMaxBps": 0,
                    "limitMaxBpsStatus": "disabled",
                    "limitMaxConnections": 0,
                    "limitMaxConnectionsStatus": "disabled",
                    "limitMaxPps": 0,
                    "limitMaxPpsStatus": "disabled",
                    "memberOrder": 0,
                    "monitor": "default",
                    "ratio": 1
                }
            },
            "verifyMemberAvailability": "enabled",
            "limitMaxPpsStatus": "disabled",
            "qosPacketRate": 1,
            "qosRtt": 50,
            "enabled": true,
            "qosLcs": 30,
            "qosVsCapacity": 0,
            "qosVsScore": 0,
            "limitMaxBpsStatus": "disabled",
            "maxAnswersReturned": 1,
            "loadBalancingMode": "round-robin",
            "qosHitRatio": 5,
            "qosKilobytesSecond": 3,
            "qosTopology": 0,
            "limitMaxBps": 0,
            "dynamicRatio": "enabled",
            "manualResume": "disabled",
            "monitor": "min 1 of { /Common/http /Common/tcp }",
            "tenant": "Common"
        }
    },
    "cnamePools": {
        "/Common/ts_cname_pool": {
            "alternate": 0,
            "dropped": 0,
            "fallback": 0,
            "poolType": "CNAME",
            "preferred": 0,
            "returnFromDns": 0,
            "returnToDns": 0,
            "availabilityState": "unknown",
            "enabledState": "enabled",
            "status.statusReason": "Checking",
            "fallbackMode": "return-to-dns",
            "ttl": 30,
            "name": "ts_cname_pool",
            "members": {
                "www.cnameone.tstest.com": {
                    "alternate": 0,
                    "fallback": 0,
                    "poolName": "/Common/ts_cname_pool",
                    "poolType": "CNAME",
                    "preferred": 0,
                    "serverName": "www.cnameone.tstest.com",
                    "availabilityState": "unknown",
                    "enabledState": "enabled",
                    "status.statusReason": "Checking",
                    "vsName": " "
                }
            },
            "alternateMode": "round-robin",
            "qosHops": 0,
            "verifyMemberAvailability": "enabled",
            "qosPacketRate": 1,
            "qosRtt": 50,
            "enabled": true,
            "qosLcs": 30,
            "qosVsCapacity": 0,
            "qosVsScore": 0,
            "loadBalancingMode": "round-robin",
            "qosHitRatio": 5,
            "qosKilobytesSecond": 3,
            "qosTopology": 0,
            "manualResume": "disabled",
            "dynamicRatio": "disabled",
            "tenant": "Common"
        }
    },
    "mxPools": {
        "/Common/ts_mx_pool": {
            "alternate": 0,
            "dropped": 0,
            "fallback": 0,
            "poolType": "MX",
            "preferred": 0,
            "returnFromDns": 0,
            "returnToDns": 0,
            "availabilityState": "offline",
            "enabledState": "enabled",
            "status.statusReason": "No enabled pool members available",
            "fallbackMode": "return-to-dns",
            "ttl": 30,
            "name": "/Common/ts_mx_pool",
            "members": {
                "www.aaaaone.tstest.com": {
                    "alternate": 0,
                    "fallback": 0,
                    "poolName": "/Common/ts_mx_pool",
                    "poolType": "MX",
                    "preferred": 0,
                    "serverName": "www.aaaaone.tstest.com",
                    "availabilityState": "offline",
                    "enabledState": "enabled",
                    "status.statusReason": "No Wide IPs available: No enabled pools available",
                    "vsName": " "
                },
                "www.aone.tstest.com": {
                    "alternate": 0,
                    "fallback": 0,
                    "poolName": "/Common/ts_mx_pool",
                    "poolType": "MX",
                    "preferred": 0,
                    "serverName": "www.aone.tstest.com",
                    "availabilityState": "offline",
                    "enabledState": "enabled",
                    "status.statusReason": "No Wide IPs available: No enabled pools available",
                    "vsName": " "
                }
            },
            "alternateMode": "topology",
            "qosHops": 0,
            "verifyMemberAvailability": "enabled",
            "qosPacketRate": 1,
            "qosRtt": 50,
            "enabled": true,
            "qosLcs": 30,
            "qosVsCapacity": 0,
            "qosVsScore": 0,
            "maxAnswersReturned": 12,
            "loadBalancingMode": "round-robin",
            "qosHitRatio": 5,
            "qosKilobytesSecond": 3,
            "qosTopology": 0,
            "manualResume": "enabled",
            "dynamicRatio": "enabled",
            "tenant": "Common"
        }
    },
    "naptrPools": {
        "/Common/ts_naptr_pool": {
            "alternate": 0,
            "dropped": 0,
            "fallback": 0,
            "poolType": "NAPTR",
            "preferred": 0,
            "returnFromDns": 0,
            "returnToDns": 0,
            "availabilityState": "offline",
            "enabledState": "enabled",
            "status.statusReason": "No enabled pool members available",
            "fallbackMode": "ratio",
            "ttl": 300,
            "name": "/Common/ts_naptr_pool",
            "members": {
                "www.aone.tstest.com": {
                    "alternate": 0,
                    "fallback": 0,
                    "poolName": "/Common/ts_naptr_pool",
                    "poolType": "NAPTR",
                    "preferred": 0,
                    "serverName": "www.aone.tstest.com",
                    "availabilityState": "offline",
                    "enabledState": "enabled",
                    "status.statusReason": "No Wide IPs available: No enabled pools available",
                    "vsName": " "
                },
                "www.srvone.tstest.com": {
                    "alternate": 0,
                    "fallback": 0,
                    "poolName": "/Common/ts_naptr_pool",
                    "poolType": "NAPTR",
                    "preferred": 0,
                    "serverName": "www.srvone.tstest.com",
                    "availabilityState": "offline",
                    "enabledState": "enabled",
                    "status.statusReason": "No Wide IPs available: No enabled pools available",
                    "vsName": " "
                }
            },
            "alternateMode": "virtual-server-score",
            "qosHops": 0,
            "verifyMemberAvailability": "enabled",
            "qosPacketRate": 1,
            "qosRtt": 50,
            "enabled": true,
            "qosLcs": 30,
            "qosVsCapacity": 0,
            "qosVsScore": 0,
            "maxAnswersReturned": 1,
            "loadBalancingMode": "static-persistence",
            "qosHitRatio": 5,
            "qosKilobytesSecond": 3,
            "qosTopology": 0,
            "manualResume": "enabled",
            "dynamicRatio": "disabled",
            "tenant": "Common"
        }
    },
    "srvPools": {
        "/Common/ts_srv_pool": {
            "alternate": 0,
            "dropped": 0,
            "fallback": 0,
            "poolType": "SRV",
            "preferred": 0,
            "returnFromDns": 0,
            "returnToDns": 0,
            "availabilityState": "offline",
            "enabledState": "enabled",
            "status.statusReason": "No enabled pool members available",
            "fallbackMode": "quality-of-service",
            "ttl": 130,
            "name": "/Common/ts_srv_pool",
            "members": {
                "www.aaaaone.tstest.com": {
                    "alternate": 0,
                    "fallback": 0,
                    "poolName": "/Common/ts_srv_pool",
                    "poolType": "SRV",
                    "preferred": 0,
                    "serverName": "www.aaaaone.tstest.com",
                    "availabilityState": "offline",
                    "enabledState": "enabled",
                    "status.statusReason": "No Wide IPs available: No enabled pools available",
                    "vsName": " "
                },
                "www.aone.tstest.com": {
                    "alternate": 0,
                    "fallback": 0,
                    "poolName": "/Common/ts_srv_pool",
                    "poolType": "SRV",
                    "preferred": 0,
                    "serverName": "www.aone.tstest.com",
                    "availabilityState": "offline",
                    "enabledState": "enabled",
                    "status.statusReason": "No Wide IPs available: No enabled pools available",
                    "vsName": " "
                }
            },
            "alternateMode": "packet-rate",
            "qosHops": 0,
            "verifyMemberAvailability": "enabled",
            "qosPacketRate": 1,
            "qosRtt": 50,
            "enabled": true,
            "qosLcs": 30,
            "qosVsCapacity": 0,
            "qosVsScore": 0,
            "maxAnswersReturned": 10,
            "loadBalancingMode": "virtual-server-capacity",
            "qosHitRatio": 5,
            "qosKilobytesSecond": 3,
            "qosTopology": 0,
            "manualResume": "disabled",
            "dynamicRatio": "disabled",
            "tenant": "Common"
        }
    },
    "telemetryServiceInfo": {
        "pollingInterval": 0,
        "cycleStart": "2019-01-01T01:01:01Z",
        "cycleEnd": "2019-01-01T01:01:01Z"
    },
    "telemetryEventCategory": "systemInfo"
}